id,name
c26a393d-2b60-45d5-aeef-69cf59a89110,David Webb
eb98ed4f-f532-4ff1-874c-50362d124d81,Robert Skinner
c81cd9db-261a-4819-bfc3-8e2f8e3e8286,Kristina Smith
ede4f1de-4410-45ca-88cd-5f9866de0c0a,Michael Mendoza
4d913ddb-e417-4748-be99-4b61f3f412e8,Ashley Mcdaniel
7be351aa-e7c7-43bc-9af0-3321112a0413,Jaime Hester
e6aaae08-d992-4b77-b076-1b9a88418dd9,Michael Garcia
7b49bbfd-69e3-4b6a-bd54-27c1735779c6,Shannon Alexander
015e0dbe-d25e-4a3e-a125-d25a428dc564,Latoya Harrison
5302b4bc-1d2e-49b5-b0da-6a34dfa289b9,Melody Wright
ca739426-70f2-4d71-98db-f015b35f1f6d,Allison Oliver
0a58bbc0-c27f-4652-8087-c644027621ed,Jennifer Richardson
44f778ee-797a-41cc-9d64-dac023b83b82,Rodney Gonzalez
70679268-31eb-4191-be00-574bafdf0e97,Ronald Jones
306b6036-6b65-4214-ab1d-c89526b2c773,Chad Walsh
24792114-f375-4dbb-b382-de060fab2c4f,Terry Rice
a1a10d1c-1722-485a-8de5-22e241e5b734,Kyle Johnson
bd23bb27-e163-462c-bfbd-921af701aa76,Rebecca Torres
da7992c3-6888-4629-8c06-76d3ef3ec9d3,Daniel Small
7f51aa2c-83fc-4f6c-aab1-16926aab5ee7,Rebecca Warren
4591e29e-1d17-4876-a8da-b298fe895cee,Christina Patterson
7c869f23-b4ea-41ec-8d1e-05b2d42ee0d8,James Gutierrez
dbc52f30-c77e-44aa-b112-ba4cc375f256,Patrick Knight
8b3597f6-41fb-4798-8413-eb8a4647f91a,Brittany Turner
143e01cc-efd3-4af6-b9e0-cad5216fb439,Amy Andrade
c7be30c6-acc9-4a88-942c-4cd83571dde9,Julia Sanders
1a480ce9-84d2-44e3-80a5-60917439b357,Alexis Cervantes
961ede73-dff5-45c5-bf8b-2db3f5cb139e,Wesley White
7aa9d7bf-67cf-4a95-a4b0-976b42905605,Kaitlyn Allen
c83ea089-a28c-4a68-82fb-023539314d60,Joseph Boyer
9494a008-18e7-4892-9d88-aaadc401158e,Brittany Barrera
59692bde-a56a-4897-b823-0226c906a984,Joy Lam
3683813c-847f-418a-98dc-6b7211c766db,Susan Mann
eafd582c-8cdc-4cfb-930a-895eae66b884,Eric Austin
e00c7644-ae32-432e-85df-58b9b01f94c9,Erica Walker
b2275ea6-bef4-437e-9353-220a1d6ebb2c,Mr. Brent Ward
0adcfe77-96bc-4b0e-8f3a-f2e2a64657b0,Cassidy Gaines
2b1b4909-2a5d-4421-9c04-acbb918ecee1,Joshua Henderson
cca9293d-1cea-437c-8bcc-ec147b6251d1,Rachel Graham
9356133d-9938-4688-b11a-a61b9f9dc398,Brenda Dillon
fd852526-f3ff-4fc0-a9ea-d761aa0a97ee,Kyle Martin
ad5ddb58-ac57-412a-a290-e1e38c86525d,Dustin Macias
1b1d01f0-12fd-4551-b810-30be88b55b06,Alex Rosales
26bb4e60-0375-48d3-9beb-37e29485d9a2,Daniel Mendoza
6f43ff80-ee08-4ea4-985a-af3cf3d274fa,James Jordan
54893084-62a8-40ff-9d68-732e22eb91a1,Joshua Webb
7bf960f8-b1e9-49f7-9085-686109e3c9b4,Mrs. Hannah Figueroa
f39c73b5-8b79-4b8b-8501-211c1145840a,Lawrence Brown
441b4c3e-f490-4c2b-b856-8d67ccf1a013,Jay Cruz
848d295e-7cec-4118-be1f-e916771a3ae9,Thomas West MD
92c0827f-b7ff-41b0-be41-1e3d6e183576,Dana Mcdowell
d317cd71-9a85-463c-8a1e-466160203b48,Scott Jones
4823974d-0f9c-4e0d-b91f-60daa0d9f468,Cody Gonzalez
c401fea7-e4ca-4cf1-ae7d-966b4966093d,Kathleen Rivera
a7c0b9b3-d9dc-424f-977e-e39d111ec9ac,Alyssa Martinez
217e04a4-e41a-45f6-a525-9c027da13550,Dwayne Johnson
cac9df7f-77b8-419c-9591-82e92d315c37,Mark Taylor
a5a2da5c-b44d-42aa-b640-5dccc9d46207,William Ayers
c59f1a9c-d462-4bdb-aba8-6fe4b6d4f7bb,Melissa Sanders
59240429-ca00-4f46-ad43-5d594c7f39cf,Daniel Kelly
3fb7513a-1f7d-476b-a4a8-22c8eb7a298e,Richard Lee
f70742ef-f566-4c42-ab12-489560cb4b9f,Mr. Jeremy Cameron
7b6a2e55-ff38-45f6-9030-69c9ce3a008b,Mary Kim
57cf919d-9fa7-4889-930a-86ca020938a9,Teresa Ortiz
d30f4d34-11a4-4af1-905a-cb4fd3957360,Barbara Koch
882f8d50-dfb1-476b-80f7-a888e530a2a0,Lauren Hill
9228e88e-e42e-41f4-aa5e-61ab5f67fa69,Vanessa Howell
79406fe4-f30d-4431-bd4c-5103bdd8f69b,Casey Barnes
ac8b4754-3e82-4d80-b1d2-f704b549598a,Judy Alvarez
d5219aeb-e8ca-41d1-8d4e-2feffa4c8f1c,Maria Rodriguez
80c4ba01-4c78-4811-bbc2-0a8f8f6acb23,Dr. Matthew Hancock
d2ecdb99-59d6-46b0-bb9a-c0fa039ef311,Amanda Johnson
4243f523-4334-4900-9152-1fdc61145c21,Patrick Walls
2ce8f0b9-641b-45db-ba55-5d279253a575,Richard Martinez DVM
1903807c-a10c-4b19-b57d-6c3d24a8d3c1,Ryan Martinez
335fb526-c0de-4812-9ac0-07c585c3f8d9,Benjamin Gilmore
49692a9f-d052-4770-b77d-1ae8102f05bc,Madison Mcintosh
d225bab0-2452-4f0a-8d65-1a6c0edaf8af,Benjamin Thomas
d3487832-9c79-457d-929c-9e1cf3c05eb4,Lisa Lopez
4c6188a9-7e7a-42f5-a934-019ae903bc61,Mary Gillespie
819b35b9-a3cb-4ab6-b494-db1d3a81e3d3,Nicole Martin
332bcba0-660b-4737-a26f-3666a4c2495b,Stephanie Evans
d2cefc43-7a69-4ae9-b732-5278c1268391,Jason Richards
2d354684-1c1f-4c3f-b4df-4902d9e382e6,Jimmy Bridges
a76b922b-7f47-4e24-8583-edd0e164db72,Kerry Tanner
a02e8e89-ccef-40ab-bbf9-a42ef4cb5741,Gerald Odom
af10e5a2-7f52-45bb-868f-7004611d1b3d,Danielle Weaver
86df0def-a88d-4d1f-ad56-a1348712999b,Ernest Bowers
b198ae87-a7e5-48c7-bf21-6608109f6532,Andrew Aguirre
573334a1-5a24-498e-b7ee-d3e51d9932be,Douglas Burgess
df3ad498-59f3-4be0-9a57-07ab2629ca1c,Heidi Randall
efcfa529-6b64-42ee-89b6-a5c7b1181cf7,Timothy Gutierrez
1606a684-33d2-49d1-a8e9-afec2c0d55e4,Keith Cook
d7113aba-2f2e-47be-bdeb-51cb73068720,Sara Potter
9d79c9f1-a20b-4ea7-ac32-b7a9ff4770cd,Michelle Sheppard
7f3d95ad-614b-45b4-9f8d-25f5586e007b,Travis Johnson
9f8b82b7-ccd5-4015-aa81-ecce8bd1751a,Alicia Webster
5e82e0c3-5198-47fa-8025-b129c14df50e,Kenneth Moore
cd93ea08-6605-4084-b808-a75c18e34148,Michael Meza
84e9de53-4ad5-4e04-aaf0-2476bdb95b7d,Paige Lawson
004f5ce8-dd88-4e32-9b68-2d7699aab22a,Diane Marshall
c8be1938-42ab-4725-9c06-74d2b64ae5be,Brandon Lang
b95f2cd1-9fed-431e-be25-e04402ab06d5,Carrie Russell MD
93c21252-33ce-4c29-bf8d-9d2be49ff549,Sarah Ross
7d711ffe-7518-4b85-b983-f23a5cc48eae,Brendan Hawkins
da9fc1ef-3d71-42ae-ab78-b78e39be5290,Christina Terry
2c11f30b-1dcb-4ad6-affc-36ac2fcfd222,Brittany Johnson
bda7073e-03c0-43bf-be2b-3bf15b5a68e7,Ryan Carpenter
5d5dc013-3277-43f9-aa9e-5e309fca8312,Brian Church
36440c69-b425-4895-8b5b-096686cb3376,Dr. Melissa Russell
d5545784-9229-4586-91fd-b2a8d5a863bd,Robert Lang
b6cbe877-5472-470a-9cda-8970b885b87b,Scott Chaney
7f4b52e4-ab72-47d8-bfe0-9a0212d2ca8d,Lauren Love
7f597391-1f2c-44fe-a503-8f2050e4c64d,Dana Gentry
bcd5c511-338a-4aed-bb63-06a1cf6f0e1c,Anita Pierce
3482e83b-9d0e-49cd-9199-aea26f10d94d,Lisa Lewis
4d71e317-4cd0-41a6-9cbb-6a5805271311,Harold Jacobson
194b09c1-0768-432a-b530-978e3380ebc5,Anne Jackson
5e23249e-c2ea-4411-8e94-1f361166f045,Shelby Ray
dfc6ddc2-d603-4133-b625-a9fdd36a93ab,Amanda Herrera
170473f2-3753-4d7b-8692-f4e07c54d9ec,Ryan Hart
93944190-251a-440a-8b6e-c430e65a9bee,William James
b44dfe4d-4c46-4865-bdfd-9e644070d4ce,Jessica James
e36d0626-572f-457b-a30c-e41027bf2ca1,John Lowe
a5beb543-f303-4bb6-adf9-41e78cbc8ab7,Zachary Holland MD
2f44e550-3ca1-447d-98f6-dce1a407a69b,Trevor Rodriguez
489ceb60-4612-4883-85cf-c81d43a6f388,Aaron Gardner
5e6907d3-5c42-469f-938d-16f25fe7c00d,Jenny Harrell
284640b4-d4ea-428d-b672-2524c25c1611,Jeffery Harrison
80998628-4108-4f44-bc2d-80abb67c3eae,Samuel Washington
0c0df4cf-0ab4-437f-b0db-eb7f834fa499,Brandon Roy
75b907e9-1d2c-4cde-8fa9-066e23c65f92,Diane Hunter
028056e0-af7b-4a2e-83e7-79152a1bfb19,Steven Brown
23227c3b-ee78-4883-84f4-933b47931362,Brian Clark
9fd6b811-1b89-42d2-b17d-7c414f6d3454,Sandra Ibarra
10d8e07e-d188-4be0-b0b2-2f3e9d5253b3,Ronnie Anderson
2b9dcba6-7469-4fce-9693-c2bedfb7e2c3,Traci Landry
b89d6248-ce30-4111-99c9-f60b3299f501,Sarah Harris
41e9a0f0-b99f-4dbe-991f-1a4784b58170,Richard Martinez
dd841e5e-c419-4dc2-ba00-57cec72f3bce,Taylor Thomas
3ee4519b-c4a9-4ccc-b57a-f9f7d8bf83d6,James Thomas
791ed267-4ed7-4354-8b26-d5b62026b3e0,George Bennett
a32fee34-c5a0-41c0-94e7-a7bde1a2b31c,Jacqueline Morris
9258d664-47d0-419a-ac32-c7f7e1003e94,Dorothy Schultz
6eaaecf9-4c50-4d8c-bf31-c12684038ac8,Carrie Wilson
a80ab5aa-c062-412d-97fb-6b4d1b8f510a,Ashley Bradley
9f42576b-ee4b-4ce8-81f4-b85e1d50a917,Bill Owens
1554046c-64a5-4c66-9cfb-46a1059f23c1,Christian Mathis
133ab655-6223-441b-8c65-9131db5260d5,Omar Tyler
d6350453-1316-48a2-b897-c5e46f32538b,Ann Yoder
6fe0ce98-0dc0-443c-a764-02c574b51706,Chris Graves
7fa7548e-55d2-44fd-b117-f5f4c100446d,Justin Barrera
5a0032de-27d4-4cc8-8d59-0f566bb0d193,Jay Haley
f4fcdb3b-f7c1-43bc-b465-4a466052217e,Anna Hunter
62b4c194-97ff-4c2a-a807-bcd6ca638cdf,Bradley Shannon
7ca1881a-abb9-436e-aa2b-d83538f22374,Timothy Meyers
93fdfdd4-9f63-4790-9980-ed7d7db6d38e,Stacy Ibarra
0fec59a3-86a9-4454-93c5-25e050d4ebac,Edward Bush
27dac809-ab8f-4531-93e9-a545b2911b5c,Anthony Dickson
6395a87c-e16d-4200-a93a-245fbcd964b2,Sarah Smith
ea3ba1e2-b208-4907-8356-65c657d35fb9,Scott Reyes
04562670-8e86-4e05-aa85-14bf272ef578,Haley Obrien
f948bf41-dac8-4162-8f68-45c59e1e5de2,Elizabeth Hahn
9afc5a72-c24d-4d57-b939-f866efd437ad,Crystal Mendez
5e712a94-826a-4ecd-82dc-f2be6f74ea3b,Melissa Lopez
49daf2ed-b14d-4282-b345-a2b3d45fc316,Martha Pineda DDS
0d83de8b-5a79-4ec9-83a7-62e5da2ac5bf,Melissa Miller
808d93a2-a27a-41d2-9b6b-cef297bdb6ea,Elizabeth Ford
ec6c5593-098d-4933-8cdb-89118d83ba14,Lisa Mason
edf122e7-1d25-4868-8cb3-efc007722a1f,Shelly Benitez
128f21d5-818c-4e58-b935-a374a5699bdc,Kelsey Taylor
8f2c5d37-373f-4bc5-9206-bedacc8fcabf,Andre Sanders
85be2b5e-2d2c-4780-9094-ca8ea4f5f56a,James Walls
d68fd019-dbcd-416e-a4d6-71adf7e041ae,Andrew Stewart
32a5984d-5e1d-4efa-8b38-82fa1e0343cf,Philip Haynes
2bad84da-04cb-4fbc-b826-8cc6289d0739,Melissa Harris
2ab90b34-d294-4401-8ef0-d6570d8b49ae,Michael Perez
b0606cca-c256-4fae-a2e6-57a11be28658,Rebecca Smith
7a501fc3-646c-4886-b3f1-d1e0c955f1e3,Erin Lucas
627d066a-171d-4ff2-98d9-256313e54648,Scott Perkins
c3e61787-33c9-46dd-9758-7d286ae3033a,Patrick Richards
9eba9903-d8c2-470e-9dfd-761adeb67c8b,Karen Obrien
843ba841-e18a-438a-865e-bf590fc85efd,Katelyn Alexander
e5cb1095-3e3c-43fe-aa24-4f6e89240d20,Melanie Pena
8a8c4e13-929e-4e2f-a003-de2ae5d5d136,Troy Lane
c9ad99ca-cbe8-40ca-bd7e-f31fc8cff548,Lisa Martinez
42f35094-62e1-41e5-80d2-afd82584f32e,Lindsey Ellison
27a728f8-a0eb-441f-84c1-8c32ede0f3ef,Tamara Berry
5842e42c-5686-48d0-931d-1573f8c30bcc,John Anthony
852eff7c-9d23-4749-8704-e779fc335237,Madison Davis
b3a585f4-8b6a-4a9a-b7c9-808b4a21492c,Kelly Kelly
dae17110-6ba1-4754-b7a6-ce46efd333da,Ryan Watts
dfd3cb27-3244-4286-902c-47b8a116d278,George Cross DDS
78943337-433c-494f-9793-e1518c0d3446,Patrick Thomas
aed03e1a-d994-4de9-94ab-92b4bd1d6846,Michael French
9c881ee4-6c0e-4c77-a8e4-a09405508971,Brandon Hill
867c0b36-8df0-4117-a9c9-067a95b9830e,Lydia Knapp
5f7bba37-ca49-47ae-b870-7006356ef77b,Lindsey Hunter
73002181-6567-43d3-918e-2cc304e55cdd,Heather Gomez MD
cdaa8fe4-5f88-4e61-98a5-2b64e616619e,Brenda Miller
9b67abbc-c910-44b6-849e-4460319bb58f,Jon Heath
a634622f-41fd-4841-a42d-8207d3076d49,Amanda Hill
5dc4e0f8-929a-4e86-a288-957e171282d9,Rhonda Gomez
e50f81b5-fddb-488e-aaa4-2539bcdff170,Cameron Martin
ba038391-cd7c-4503-acce-e2063705573b,Kevin Graham
33d96024-e98d-4d17-a3aa-0598c29d029c,Brandy Mcdonald
672b71f1-4a1f-4045-a262-fca77d8abf7b,Stephen Mercado
b39554b6-c0c8-47ea-bdd8-982fe72407af,Angela James
cc213b9e-a9a7-4446-804a-000351619cc6,Michelle Anderson
3cfcfcca-5d1d-481e-bc5f-5392dcd383cc,Dennis Lopez
471b9047-d5f9-4d69-be03-e20e336e8acc,Katie Ruiz
acf8ec1e-7053-42e2-9acc-24ecb993b2e9,Theodore Anderson
28215cbc-0f1e-4513-9201-f9081e5b6a60,Stephen Robbins
ba8e9e42-ee78-48ab-90a3-4f739760dcb8,Kayla Brooks
7b2b9976-5547-4e73-9deb-6e9ac2152df7,Jessica Lewis
05d3a2b6-cbfa-4320-a469-f1f15a5e5442,Angela Hebert
2f7719dc-b4e8-4e3a-b96f-b165af4b3f5f,Brad Williamson
faf2455c-310e-497c-8dd0-dd06d8bce7e5,Kimberly Schneider
d78714bb-734d-4638-9e54-a86a282710ca,Rebecca Carr
2e40a669-5ad5-43ed-a119-1239276c5d42,John Larson
b16ef232-b741-43a4-8cad-ffad227ff530,Michael Walker
8a678c62-3ad8-4125-b7a3-a99bc8880bd4,Cheryl Campos
21edbd49-83da-4ff5-8cd4-e8bfd9ccaa4e,Dustin Andrade
60c2c655-3fbf-4ce4-b327-275bbb553e9e,Kimberly Barnes
a0c90267-0b39-42da-b871-14507b86b295,Miguel Palmer
cd3017bc-10e4-4846-b4b0-5fd6b2598750,Micheal Ross
e5ef1c2d-af10-455d-9c15-f148575ca8f5,Maria Moon
117a2799-0aea-4b50-8b13-268b7e09833c,Gary Horn
7c9d2aaf-4953-442b-895b-2e15b2ecac9f,Yesenia Mcknight
f6359858-024e-4518-8a73-32f2db65e8e0,Melissa Wood
246c2482-3e98-4c8c-b296-2f69785e44cf,Stephen Archer
e2329c51-6818-48c5-8ead-64e70110823a,Virginia James
39fed957-dc72-49bf-856c-86e43cf54226,Elizabeth Miller
160d2c2b-67ce-48cd-9818-f401bfc217af,Johnny Ryan
90da6c83-aa1a-49a5-a520-64a892f53f1d,Stephanie Anderson
0d47a74e-6bc6-4f4a-80f3-c545a77a7140,Holly Johnson
095d6f67-06e1-4d53-904c-47917f117aef,Susan Maxwell
d5b64612-ec63-4612-902a-42d77a29a4d0,William Oneill
a4ac9e8d-a99d-4951-b40e-e9228fddd8b1,Julie Taylor
1ae14b2a-88f7-490f-8866-a950dead6170,Dylan Carrillo
5b803ae3-50e7-41d3-b7ef-3ccf43793c1e,Jose Fox
f55b1faf-9863-4685-b1ec-359d90810a1f,Ryan Mclaughlin
a8d232ad-7c2d-464d-82f0-b0a28f111ae6,Allison Harris
358c5518-675c-4e52-9adb-227eb9287c58,Carlos Leon
505b82d5-d646-4029-af2f-f0eb90e67c83,Miguel Ruiz
44d69aa2-d53c-45bc-b16d-c7bd727dce0f,Debra Simmons
9194fe40-76cf-4cb4-9638-baa7fa546b2b,Julie Dixon
2f19ac8b-6d23-433d-be79-fa2710c61831,Tracie Martinez
f47628cf-c12d-4aec-a411-9e1abebbad73,John Price
4a987fa9-ac2c-4d32-b1b0-5b1e990528a1,Randy Lyons
3a2b97d7-1341-42c1-a028-da7dcf408945,Alyssa Riddle
570c7339-f29b-43a7-a275-c58a7ffb8e2a,Kenneth Wilcox
9a24e57b-43de-4705-9ac3-46495a329ece,Matthew Young
e39a03b5-06f3-4867-b3e4-1a5ab19ef1c8,Janet Griffin
ab2616c4-e4ff-4869-80d2-278d6dfa993c,Susan Castillo
c14f83a2-6815-413f-bef6-a22bd43e976c,Emma Mitchell
644243be-3706-4dcc-bf46-c9ee5b62543b,Melissa Roberts
cbcd5ccd-4dc9-4784-82f7-82a53ac04909,Barbara Ward
62df24db-e146-488a-a8ce-504d5999830c,Andrea Randall
9deb5ed2-2e48-4725-b564-0651f863f094,Danny Walker
9cea0720-cb94-40e4-ac6f-15d15db67594,Nancy Austin
7a2f5cb5-43af-4f75-a08e-4296b29783aa,Robert Phelps
d6781768-11f7-436c-8039-d1787e7ca0c2,Jeffrey Love
0a7f63fd-543c-46ce-b98b-3b89d704fcd5,Christopher Villa
6c7ae677-17f6-43d0-93ec-8f4de93265ae,Paul Marshall
7b4075b2-b084-4fc5-8dc7-f95ec224aa1a,Leonard Jackson
3c28e622-f8a5-4dfe-bc1b-4c10ab3b2008,Robert Torres
d18baf7c-4f6a-4f23-971f-8c185e78d0e5,Teresa Evans
74285dda-ae9b-4dee-a47b-bc7f1c31fdc0,Andre King
d71e9fd6-36fd-43cc-bb9b-73fc9ad40c3e,Beverly Peters
ab9accb0-7688-497a-b510-69d41c86e5e0,Curtis Moore
9c6cc99b-86e9-475f-8224-99891cc62f9e,Robert Campbell
9a3ba995-5003-475d-857a-945ecd0a5455,Suzanne Farley
88b23aeb-9209-4650-90f0-7a187badfbfb,Dr. Chad Chavez
e943ff1c-0942-4b76-9569-3dafc3c4bf0c,Stephanie Williams
4ecf20d9-912e-4378-8150-59aaa7152208,Lori Butler
97663038-1134-4a77-a381-db17913c942b,John Blackburn
654efbf3-13f0-4725-a7db-f607a36e5bf9,Brittany Daniels
e6b53877-d152-4112-9a9b-02f1f874a74e,Hannah Davis
a25b2908-0c3f-4287-959f-0ed9232ba278,William Valenzuela
31e71151-9660-411a-938e-e47f6668227e,Christina Ramirez
3b804826-941d-4d95-bed0-41797b4613db,Erin Rodriguez
7bcfa66a-2358-43f0-abe0-b784d0ab07c2,Kevin Marquez
d8595436-a6df-40e0-baab-fe230c2b9bda,Angela Stephens
bf25564c-196a-404c-9dd4-318e91ab18a0,Brad Hogan
0c339bc2-d3d5-4677-9823-923037d77bf0,Kenneth Nelson
5c61a91f-8dc1-4806-8669-425701318555,Nicholas Benson
9e2638bd-e855-4854-a3d7-9dce493b9201,Mrs. Megan Scott
03c67bb2-5f68-4541-8b74-5c00b164ff36,Dylan Lopez
2125bc3f-f16e-4966-bc4b-9522837dc771,Brandy Schaefer
80009d5f-8dfe-4bb0-9d24-e11a7b039ea8,Kerri Wilson
b6ad9c38-6b33-4de8-b922-d4a44aeb7ce3,Ashley Roberts
1eb56daf-3da8-45fa-8e35-3ccce14cf8da,Leon Oliver
049b5beb-80e5-4be6-a59d-acd058c44bff,Daniel Cuevas
b184bd27-a0a7-4291-8c6c-741b1c40c317,Stephanie Williams
5c362dac-492a-4c82-b07b-6fc1c7e0b0e0,Erica Scott DVM
60aa153d-0caf-4637-a43c-98c3865205d1,Julia Velazquez
2c33089f-d261-41d5-949c-68d517071753,Julia Henderson
ca7c8254-7e2b-4ff7-b9fd-05e9c59307d0,Dr. Shannon Carter
c12dd73b-6872-4a34-8a92-2407dabe7ae4,Pamela Harris
ceace5b9-fa15-43b5-b0b0-43f4985ebe9d,Alexander Burke
2738960e-fa7a-4231-8f09-620f8d5f9579,Nicole Jackson
2e73099e-c28a-48b2-9204-42cc9cd04fc5,April Morris
9e0ed558-e462-4b3f-ba98-7eb7b546dd34,Robert Lane
eb1d7079-3d94-4618-8df2-bdd7487f01ab,Jessica Meyer
d5e23b7a-5f64-49a6-a3f5-2c0b4377c975,Mary Vargas
4e4cea41-2bf4-4105-a3ca-03dc4b7d5ae7,Leslie Cruz
cacb1ab8-b699-4416-ab0b-27e9d6838fcb,Megan Wyatt
7017dbf2-c8d0-4fc0-ba0a-20f655005650,Justin Leon
8c3ae8eb-6520-4b7e-8807-719f96df0f56,Jonathan Bennett
77becc1b-d2d1-4b5c-b705-9a5094c732fc,Jacob Brown
c958b11e-6f7e-4ec9-ae84-14668f63ef33,Susan Bennett
b0afd32b-918c-4789-a019-e2ddf88ee333,Shane Yates
2010a8f1-f0ce-4fe4-90ef-e7528d5bf067,Tamara Hinton
92c35f81-c2a3-4d98-906f-2dbc3de92081,Jonathan Anderson
662c869b-2a63-41c3-ac7a-0795401baa22,Kimberly Wilson MD
aa10df46-dcbd-4b82-a230-0724e250db1c,Jeremy Hernandez
4a3e426c-0cda-4e78-97a8-98ed0a507457,Michael Conner
533755d7-a1bb-48c9-8a84-2daea38c3723,Sean Jackson
a9cea33d-6ee1-41b4-921c-1bbb669d3e3b,Mrs. Shelly White MD
c850e766-042e-4884-8f79-5d1eb7cb0d8f,John Norris
599cf4a8-8bb0-46fa-919f-792c0cc284fc,Cynthia Owens
93b050cd-e9b3-4fc0-9b90-a9332087c00e,Matthew Grant
29f19d39-0ed0-48d7-b28d-5a5cbd7ba750,Latoya Garza
714551a9-320b-4448-9601-1eaf003bfdf1,Brandon Parker
60e9527e-d2ba-4503-8a56-8c244daf7611,Amy Taylor
0f438791-a8ca-469d-ac0c-39ac75bcd076,Joshua Turner
701843b0-7472-4032-8edf-ef438b813a4c,Donald Diaz
299613fc-0faf-4085-ac51-36707a07a2ab,Alyssa Alvarado
43d1547f-b125-4be2-819a-ed9054f5227a,Kristin Mcintyre
eff6b581-c869-47d3-8aae-a145d689da93,Allison Clark
06808453-2880-4a08-8e30-fdffaee4d0d4,Amanda Martin
f532cc20-a275-40b1-b1d6-4d8787e33793,Justin Chambers
8e201b80-fb21-44e3-9830-848c4a45d6d0,Jennifer Erickson
97342ffc-4978-429a-acea-d2ac80647b85,Tiffany Turner
906b3f82-fd5d-4b17-afc3-b80f07ed1971,Amber Lopez
64751374-7b71-4581-88a4-7c9eadae4281,Ashley Porter
67ff2505-b3cd-4c10-aba6-bbac577608ff,April Curtis
a284f372-de69-467f-856f-e8ab5ff6cc92,Christina Roberts
d313dc36-2717-443f-9425-c19ae60174b6,Maria Cook
fecac6d2-9439-452e-8165-d12034d91626,Wendy Ramirez
b6470370-c825-4540-a924-64087e7848df,Cathy Castillo
c61c186c-37c1-4ad8-be67-f37e1f2e2a8e,Christine Gonzales
e079033b-7e62-4cfc-a98a-5b7f4a47ecc7,Jasmine Murray
ddde5e6a-23fd-4bba-a647-f5356a80e9f2,Brandon Lindsey
baa530c1-b7a4-4543-a5d6-b8bd9add3b77,Karen Sanchez
1556dfbe-5763-437c-9065-a8c5fe6e0a00,Vincent Clark
53320c2a-ed4f-4cb9-bded-047145f7b9ba,Mr. Adam Carey
ff4d9238-32c0-4c64-99c2-87ebffbeb1f4,Kelly Palmer
edda82b0-24de-419f-ab4f-8b4413fe9525,Erin Flores PhD
31a75e18-32dd-4f4f-bee5-9744b80eafbf,Bridget Vasquez
cdc5531d-8e61-4641-87b1-7c1a5ee163ba,Cindy Gomez
badc3ea4-e1e5-4158-b9e9-182be8ad2507,Cassandra Torres
42c70945-3e6a-4d92-957c-23b3a517f338,Cindy Matthews
d4e3b818-92cb-4a2e-afc3-ccb1fd23625c,Joshua Smith
d5de9e02-1cd3-449a-90cb-55af21939d57,Daniel Greer
448b2eb4-7777-4eda-adf7-0eede0c63810,Donna Collins
b0942f08-d8f3-43a6-8556-303a6b41a332,David Freeman
1915dc8b-9563-45e9-b270-48116f06b08f,Jacob Brown
b0e13e70-d784-40d9-816c-2119e4b6cae0,David Sharp
a7511f32-c3dc-4005-8520-8863ec9dcdab,Hailey Galloway
94c0f51d-3190-4e4d-b0a9-ff70ea538f99,Wanda Osborne
e4300ad1-cffe-40d9-b17a-84c4489e966f,Christopher Wilson
33311f6b-90ec-484b-b56e-e185005df057,Linda Carlson
ef94d0ad-d0ab-4787-9ca1-7a0aace3a70b,Ray Jacobs
9cbe4845-781e-4df7-9ae3-b15a4ffaaee7,Rebecca Thomas
262a76d1-621d-4355-a3ec-4505a990ac90,Robert Kim
85e519fe-a29f-4c92-9527-06d1f2742f30,Ann Sanchez
d6d184b4-5e64-456b-abf4-abbfae2074e5,Donald Robertson
bc26c5db-631d-47d7-b774-d55c444e8903,Nancy Jackson
cbb36a52-df41-4f2c-9e9d-91627d8285d1,Kaitlyn Branch
974f283b-4cd4-4eac-8351-40577ddfba7d,Kenneth Johnson
5b62adff-ec76-45d8-a72c-6ae95f1ab590,Shawna Williamson
79322204-366f-4d07-9331-5d2f8fdf2659,Kevin Farmer
2a02ed58-f7e5-4b03-a538-cc3a4af05e02,Jeffrey Joyce
f2c9fd2b-0cce-4e73-bf1c-8dc50e3f9d81,Danielle Anthony
2ce905d3-9f61-470d-ba5a-bb73df8e08a0,Amanda Foster
49df665b-0c86-4b44-9cbe-31f7c37e8762,Michelle Barnett
a80b9c7e-7168-48c8-812c-fc2100f97044,Alicia Finley
106f117b-05be-4590-ae1a-d034abd78114,Joanna Hodges
da313d39-d479-4012-81af-b69eb65bfb9e,Laura Reynolds
4e9e3113-45ff-4333-8e2b-e2033283f7fa,Gerald Figueroa
f0c806db-24f3-40ab-95ba-ffcb6551a378,Christopher Mitchell
d39761ff-bcd1-45fb-98ea-04259a7bc914,Sandra Myers
4d37fc53-bfd8-4129-a1b3-72d6c4c714c5,Jonathan Lewis
0b291a6e-4bb2-4615-8d77-a05ef3dfa1cf,Jeremy Riggs
bee9c558-1e99-49d7-b59f-589d621bd311,Paula Craig
82ec08e5-332d-43ed-bc13-bffc4344d946,Alyssa Jones
adc8f1d8-0dd9-4709-bc1e-7528e2e820ff,Duane Myers
a2cb2a45-6a1a-42d7-bf6b-cd2f468ecd90,Jean Young
d68fd568-4f72-48e2-bd4c-209a43360ca6,Gabrielle Hill
9f7d5a00-dffc-46ed-b67b-e4af1aead8d5,James Brown
2f1a565b-3625-4cf6-a4b3-af283e9eaab1,Jacob Ortega
ae5c4f45-d36f-4e42-8462-ed082754e155,Cathy Hernandez
b5c09f66-2815-4311-9097-a1eb460c67c8,Nathan Cox
8ea3abdd-5322-48f0-a0fc-4ff9b641f186,Michael Fernandez
c76cbccd-cfec-4df6-b51b-b22432dfec67,Cheryl Patel
3b154aca-7415-43d8-ad29-48f498328561,Alejandra White
77912ded-f5d0-4b5f-b3c0-4048643e9af1,Chelsea Schultz
fdb43102-75d9-4539-b4bc-14f995c25470,Amanda Wolfe
fe0eafa5-b760-48da-ad86-a88c77ee1d05,Dustin Santana
36f7a623-c8cf-44a8-9de2-28ef2932b655,Paul Gomez
86a9e53e-460b-4274-9398-12decf399b70,Kimberly Cherry
5682b598-01e3-4ec2-b734-4e9b8d2e5fb4,Mrs. Stephanie Riley
6af4364f-c5da-4405-ae75-87ff12724a9e,Robin Reed
55df6fe0-0f98-4c3d-9e9a-dcd0f4ebc991,Justin West
e0e3440c-9f78-41e2-85f6-880f64d83c28,Ryan Garcia
a30e7bbb-9b8e-49ad-b303-3f0163d1004c,Lisa Brown
299c46e0-caeb-44fe-9343-a2d71cf8a869,Derrick Black
b210334b-2ac0-4073-bcfa-022b45f67565,Rebecca Flores
35dd215a-91aa-4144-8f9b-0c918e4fccfe,Shawn Stevens
7b6b86da-2abc-4816-8d57-ade3f47c3f0e,Victoria Parker
6d59ff42-0256-44ba-9a68-18bb8afd49e1,Henry Strickland
dece98b9-3c78-44a8-91cd-26429cd144f1,Jessica Lynch
4c68829c-ec87-4cba-a5c4-4b4c3cdecd31,Jason Jones DDS
f25010a1-aa97-404f-b2bc-7f7d8db8c39b,Darrell Cox
3e75c05b-8bce-47b6-819a-e5cb676222d7,Jody Foster
f619cc18-46c5-48ce-8b5b-749f6d0367da,Amanda Castro
dcab9015-18de-4733-a054-1b8dd85283a3,Dana Hensley
36aa655c-1f4a-493c-aff7-381c4eb1b05a,Juan Walsh
732d13df-55a0-4fc9-b7f0-3d36ee281a67,Douglas Coffey
5bedb523-2fa8-498c-8bef-588d8a85a386,Benjamin Johnson PhD
3798acd5-a2bc-48d5-958f-0fb02086c599,Kelly Lopez
cb9cef3e-12a3-4772-93fd-db235d33b5b8,Johnny Lynch
1dc62179-908f-47af-a1e8-90beec718d3d,Amanda Snyder
cf2e8059-e4a1-47ea-bb9c-4ab834371b5f,Patricia Patterson MD
1657719c-5d7b-45fa-8434-c439304e7b6e,Laura Powell
6d70800c-3a9c-4473-a2dc-6011b1febaa9,Russell Hutchinson
5713f2de-3904-43e7-8ac7-d1db0b6e400c,Michael Jones
3993a24d-975c-4c0a-9bbd-2b9c76ec8b5c,Diane Vazquez
a4791147-ed79-482f-89fb-adb7e90ceeb9,Jill Johnson
dabefc9c-e27f-437b-8b8f-ccfeeb70f69b,William Smith
5e988d0a-8b3a-4ba9-9def-3868910d87d2,Lisa Palmer
0d871db8-b88a-449d-9510-6b59b91d372c,Gregory Roy
11e644de-631d-4182-b409-0d739fc0377b,Dana Wolfe
3a248c27-54a4-4dcd-8723-dd1b610bec08,Mary Ryan
77095405-154c-440d-9cda-cf91ec0f3aa5,Richard Owen
d81fc9c0-c6fa-45b6-b2b2-eca28bf2e6fe,Gregory Reynolds
b137cd5b-4b31-4909-bd6a-a82cd5ccdd91,Philip Sanchez
f91f8387-9f62-4fa1-bcfc-e396580dfe30,Adam Murray
995c2705-04c1-4c0f-9aca-59697463cfc3,Shane Cole
aeaa794d-75c0-4b58-a622-a8b32d4f6797,Jonathan Lee
3c57638a-d991-4c34-b8af-42291778f55e,Leslie Mckinney
b7637b96-ff69-408c-a1df-49cf21534ee1,Ashley Smith
b2343fad-6cf4-436a-912d-32e5e719885b,James Maxwell
4b483d8a-799e-4180-aa58-413418334288,Diana Rogers
f67919ca-534d-4341-8caa-a6b681c75941,Jared Erickson
16fb29f6-3d63-48d6-a572-dda31f384d2c,Lauren Ward
b06efdf8-6c09-47a0-913e-039c0af237f4,Mr. Robert Wilson MD
9c4e9e42-0b23-405d-9ef0-1b6ddaddf943,Jeffrey Smith
19f5e786-d110-4c69-b5f5-26a210caff81,Alicia Norris
f5728aff-1081-4615-a14c-b5e75852d90d,Gregory Wyatt
f80a064f-6f69-47b3-9fcc-6e4d9772099c,Carl Marquez
6743abf5-4440-4b00-a53b-541c30f523ed,Crystal Thompson
78dda708-5225-49a1-8f70-bdcb60b68d25,Edward Mclaughlin
a47058b7-6b5f-4dd0-a713-91dd831f6de1,Michelle Patterson
97df7bcc-ae52-42c4-ad68-32523e86940b,Frank Montgomery
78ad3c9a-6d43-4783-94f6-f5ccc9bf9587,Joshua Proctor
4853cac1-0331-4d7f-b4f5-4b56fdcd1aed,Kyle Logan
081e105b-5dde-4697-a2a4-95823d4fb2dd,Melissa Austin
841a9c8f-e0d1-42af-b5fe-973508f37acd,Caitlin Vasquez
bb670141-36a8-48a9-8b6f-f29ed5e1ee29,Amy Robinson
c9adac7b-0cc7-4f1b-8cf5-58d469459822,Sara Martin
18330aa0-c34d-4a55-afff-0ab5f2980ac7,Brittney Bennett
8c29d03f-98ef-4232-92eb-865f9c0780ef,Michael Ford
1b929dbd-a31f-466b-9f51-1b1230ff7c99,Matthew Love
a1225802-8588-42d4-a597-edf2e1e579ff,Daniel Nelson
aea41055-b1d4-40e9-bea8-f066ca85bcc7,Maria Macdonald
7c2f308d-676a-4e95-b4a6-40fe2a812bc8,Allen Harrison
12cf46f7-dad6-4d00-b088-2f8e3245a4e6,Chelsea Blackburn
46580513-2b58-4464-b07c-971ae5845b55,Reginald Smith
8bc6de63-3abc-4193-9940-f5bc3f1fee5b,Samantha Mills
37956fbf-75f0-458c-9934-e41609634497,John Roberts
d0047fa1-9a72-46e8-b858-21813c6dfac8,Nicholas Jones
d91888ea-d71f-43be-a823-2220918b2d1b,Joseph Robertson
74bc008c-39da-4bff-9fc3-8403197553cc,Joanne Mahoney
26239190-d00d-4fd7-921e-414e68ee1503,Christopher Hess
e87d1618-fdee-4b10-8eda-0e5a03b00d8d,Daniel Wagner
cb1433b3-eb97-43b0-b2d5-b55dc384560b,Stephanie Campos
cc71cfc1-2f0b-45a2-accc-6bc08362f329,Kathleen Fischer
0ca33201-7eef-4f6b-aeb3-af5862c13d95,Harry Smith
ea94f89f-ea78-4223-a2c5-a774cdc8016b,Kimberly Gregory
b410b966-4119-460b-b785-2870f118bbee,Kimberly Haney
41477316-6801-4390-a2d5-edc143ca4c49,Jeremy Cook
b1bc6d19-77be-4037-b077-eb456993f654,Michael Smith
1a4a4774-cb6d-44ee-88fe-39026acbcb2f,Jennifer Miller
4e1ff25a-0758-45ef-8b10-9cb35cd5ce9c,Leah Miller
04f80409-c97f-47d6-80d9-6c51a5c483f5,Karla Vang
36f96cb0-36be-494d-8011-de229bce22f4,David Thompson
9c4d5e78-d2bd-4250-9bfa-bb6c0bc1ef87,Calvin Strong
34e8df49-11ee-4a58-b61e-fba7daa9448c,John Lowe
7f10bb1b-a873-438f-b636-ae405cbd44de,Amanda Hodges
37b50eff-dc44-4705-ba66-3bc27ca9dbf3,Christopher Robinson
8c63dd97-3d9d-498b-8da2-effb67d99ada,Greg Acevedo
0febb778-9a73-4958-a018-10eee3d54b3b,Matthew Reynolds
e6e12f42-2007-4e6e-8f17-ac7d07ec39c8,Sandra Crawford
c7379787-a3ca-42c6-8166-90821c0c0bef,Alec Ayala
2b52d345-acb1-4f9d-a78f-b47804b8f77e,Richard Myers
643a8a2a-d4d9-40bd-88fd-2590a649411e,Brandon Espinoza
5c4a5c0a-e808-4537-bc3d-1e50f4ba8612,Michael Perez
79a27fef-b71a-40d0-ba64-30da3e074f95,Katie Keller
0e2bd751-9dd8-411d-ab53-14d1fc7c8bbf,Heidi Smith
3fad4a48-bae4-4d4e-b762-0ebd58d68591,Theodore Boyer
48590126-fb1a-478e-8486-cf286cda8751,Cheryl Robinson
27bfaf6b-84eb-4435-9cca-600aa814bce4,Roy Phelps
ff701c8c-3967-49a5-9814-0fc5fd87692a,Paige Gonzales
57bc3a8a-8765-4a7e-ada6-248a9f3a3762,Kelli Nash
b006b1ee-cb67-462a-8c37-e694226c5276,Robert Oliver
b06c69b7-d29b-4bb0-a991-65451e27f00a,Cheyenne Briggs
69213e15-3cd9-4d34-a079-4399e8693e42,Brian Sweeney
f0292a0c-1059-4298-8de6-6e604c463b2d,Jeffrey Foster
20dc8446-c10e-4eb9-8e69-effe22935d1e,Brendan Rodriguez
ab38d338-eb61-408c-b610-334e74b21a08,Veronica Farmer
f1f7aed2-9515-417e-89bf-7035696ca6eb,Kevin Arroyo
be7f4b55-b05a-4386-a86f-45b731f8a4c5,Jason Krueger
593fa5b8-b9a3-474d-83b2-3cd597418c69,Annette Oliver
bd584dbf-fc63-44e5-ae2d-d7bdfee9495d,James Graham
c09f7205-b915-4199-9625-d433fde30d6c,Daniel Davis
a8c59b5f-ed11-4aba-9699-f1d6029b6735,Theresa Barrett
f2e947cf-83ea-414a-8e91-a16b55ea7deb,Michael Cruz
4cdc51e6-4899-448b-ba03-7e7509bee2fa,Ryan Nash
f5046cf8-8a44-4cf4-a0eb-909da8896ddc,Nathaniel Lopez
50056e24-3eed-4907-b8c9-099ddf2b7d84,John Dunn
419033ec-d47b-42a8-8309-45b5725c9385,Christopher Smith
c4fb2084-767d-4a01-9f21-1ca788503ed0,Lindsay Noble
72a55f67-9acd-437b-b772-15623d5dad17,Krystal Mason
fdcf0055-70b2-4935-adf0-500db248cfcb,Zachary Turner
95797f8c-f1fc-460f-80df-9d7bfb9c3f60,Matthew Rogers
bd1ceb95-6d77-4e09-9c66-e391fd43a46c,Charles Pineda
5f36bd69-2d89-4938-9e58-620453284b86,Evan Marshall
226e6b6b-1f90-45e4-a064-9a8b36bb4eaf,Carrie Welch
2b4c74a3-3755-442b-8b61-0739a343be73,Katherine Wood
e429e4ed-4e9c-4d97-bb76-d7a4d7951714,Bryan Thomas
393cf91c-c75f-4d4e-96e4-1acbdd46bead,John Golden
2b96843e-ca22-4db0-8a80-bdb60edebdfb,Steven Hall
696c8657-8000-45d7-b58a-592aedd72e9a,Christopher Haney
46d1b89a-bcfc-482a-a793-7c78de033a4a,Steven Vaughn
d929865e-298e-4bf1-a454-864c01980164,Courtney Roberson
05bbdc62-c0c5-4d06-a41b-484965019b20,Alyssa Martinez
45705811-0088-4366-80af-b882ad5caf31,Vanessa Serrano
cbb2f2b7-cb08-42c1-84bb-6b4f2722bba7,Melissa Wilkinson
a8714d62-e8fa-40ea-be44-2acab1eb7bc9,Jon Rogers
a26b37fb-96ff-4b71-9570-8f654ae4794b,Heidi Jarvis
9412ffc4-7335-44df-805e-147befd2d07f,Jay Cunningham
017f0706-b3f0-4bc5-a90a-48a063e5884b,Benjamin Jackson
e2cbfaaa-8f78-4542-9e73-bcb868d21be6,Jean Hansen
7b85d35f-c46b-49dc-8ad1-5d381f23fe89,Raven Johnson
f0048d61-d2f2-419b-82c9-cb47e5909944,Carol Lee
5aeff08b-e80d-472c-b7a1-1564aa211dbf,Amy Mitchell
283f4a82-d56f-47a5-904e-3a7ef9718e66,Walter Allen
709e94b2-d2fa-4b4e-9fae-a933d8508ca6,Vincent Carr
cd2d0d68-973d-472f-a6d3-a855b49db580,Thomas Garcia
aa1b1252-413d-44ff-9f4d-a86e5735a58e,Christopher Mason
7f4d15b0-4e49-4c73-8684-a4a94edbd993,William Sampson
e428e5b7-48eb-4e91-8248-6f1a0ae55e6e,David Lewis
458465a5-f820-48dc-86ca-737aacdac053,Samantha Miller
e4d8d087-198b-49e1-9feb-be753ac40895,Devin Cabrera
61b154f9-05e4-4db7-93e7-09176a014593,Frederick Singh
71acfa3c-30fa-422f-916c-3abb6d0f1c13,Sheila Lewis
a7049773-a14f-4b75-b97d-e1bf7acd70d4,Adrian Harrison
0bfd6767-dd31-4916-b1aa-d23a8c315244,Denise Clarke
1e916473-47cf-47ed-b225-627223ce14f0,Jennifer Johnson
a5a237b0-33b7-41b4-933c-84388903643d,Robert Patel
1eefa304-fdb8-468d-ae39-aba01ef8061e,Paul Thomas
eeac95bb-15af-4686-9d9c-b5b3a3c49b49,Brittany Wells
21b8ace3-45ab-4326-b359-5aa42d6dbcad,Jamie Howard
e7e6f151-5811-45e2-85fc-68e575c61cef,Sara Powell
98217440-7939-413f-8eaf-03ac7c2137f4,Christine Morgan
edc56bf6-fd29-4750-9c64-965998eeed94,Jared White
cdc915cf-cef6-4d47-a121-076bda716ace,Kevin Wheeler
df4517bf-9563-4328-bc57-d0e083905ac5,Katherine Roy
20213936-822b-4b21-9f00-5e396ec6a74a,Lydia Williams
6c1039ef-aebd-4354-90da-d148858130bf,Jasmine Peterson
7c849090-e61b-4acb-a86b-93c626d667b1,Jason Beasley
5f182f62-27c8-4d3c-85fe-cc5fe530afa8,Adam Rice
79b8a435-f72e-462d-9576-d8bfd347bff2,Maria Rivas
84386fef-6391-496a-af99-481751c8ae15,Sydney Weiss
7e5df360-8c5f-4bc0-a382-24d4d1870675,Tony Lewis
384ab8b7-f714-40ef-a091-102ce0c4ec6c,Traci Patel
896e0b8a-3ef7-41f9-9286-622e6796774d,James Mitchell
054a49cd-915e-401a-ace6-13c45c21709e,Kimberly Stark
7d97cb4d-29d2-497a-9e6e-736ea8523179,John Chavez
4fab2288-5da2-4095-b352-319a7bc2aa29,Jill Reynolds
51585ae3-f811-4d33-8e7b-1b0d99b016b3,Teresa Campbell DDS
d1feaffa-635c-43af-9242-42d11e10d7f9,Donald Peck
a4a94639-4871-41ff-964d-28b969de50ae,Shaun Berry
1e7cfbcb-c4e7-49ed-9bb8-147db6247f82,Michael Flores
1ca93977-8396-4eda-bb2e-2c95e9fcea63,Erin Moore
48a1c625-63c3-476a-a53c-3700277e8dd2,Matthew Walker
2b209a41-026d-42dc-8f15-57c14abcede5,David Nguyen
1e977562-85b7-4dba-ba5b-05de687a6cd4,Ryan Lewis
9be1f2b8-b9f0-49ae-a6a1-067d1112239d,Malik Cain
2adde950-7252-40de-8937-ce63ac78cbfb,Sharon Marshall
c4a17404-4b4d-4413-9df5-634a3d61984b,Kathy Nichols MD
1840256e-2a69-49b3-9086-793d4330cf1e,Joseph Wilson
b4df64ff-e3f2-4be9-b21c-7277b82e395b,Michael Figueroa
21e8afce-793e-428a-a7a0-09557a8a2161,Roberto Hull
865679b0-8d49-44c9-a423-f5d386717e2e,Jessica Griffin
7acb1e7f-278a-4915-9b01-4e4f2e41b970,Karen Garza
98f54f96-9c6e-403d-ba65-6fb3d3d5a19b,Garrett Black
241e8482-5963-4d70-b6bc-c6172dd5f55c,Daniel Jones
f5af3202-3930-4233-86e3-97a65ed2a20a,Erika Roy
193516f6-a307-4743-b5f3-197e53b17f6c,Thomas Burnett
49c32fca-36b3-4e6b-846b-1cba5b4fb84b,James Grant
74598965-0c7c-4178-8a04-1a2b32df0990,Anthony Jimenez
1ad4e31e-98b4-4d8f-9296-faf24f68523a,Kathy Thompson
9b842a20-62a3-48da-a415-9d8ad749c778,Veronica Buckley
9cc66fc6-9b44-48eb-90e4-67c730c743fd,Russell Mitchell
49b8c5bf-2985-4ada-822a-9a7c1742a3e9,Kelly Miller
c8758fb6-2bb2-4664-8943-04dd4c862eb1,Anthony Stout
3e36f493-0eb9-48d3-8b6a-752c3188d836,Brian Ford
dbfdadcf-dcef-4a1d-b127-44881416e623,John Simmons II
bbfed8ba-51df-4f86-946d-df62154db0dd,Christopher Graham
f08c5dde-6253-42c8-b2dd-4910aab2d535,John Marshall
77dec1c5-492e-4c94-9aa8-a70bbe62b09d,Bonnie Jones
be7275f1-ae85-4a98-94a2-3e7e3e6eb24e,Michael Briggs
5a067ddd-3684-4013-8b54-43facb0d59f2,Christopher Ellis
b0b770b2-afeb-4935-ae59-972a1e7569cd,John Brewer
89e41b3a-df0c-4033-a4d4-613b8a849565,Linda Williams
6b456d75-d767-4ccb-bc91-173cd5c1bd3a,Sonya Moore
83e0ea9c-77d1-4c13-8e2a-db73048b7859,Elizabeth Montgomery
8b65c4b0-7eea-4a87-b2f2-be171b0fe29f,Janet Robles
f61d3467-40f9-4b95-bdfe-c95afc1b1ea1,Cheryl Atkinson
c9939872-2c68-41cc-94d8-f3bee0a93227,Cynthia Alvarez
f0b25150-a3ff-423d-a642-eb99f14afb48,Calvin Mccullough
3b4e6ffc-23ef-4799-be26-e486a20647d4,Kaitlin Hall
c0a94361-93db-4e26-b66a-c092e0d9360c,Kevin Martinez
6b8a222f-2453-4ad8-a20a-1a2f65b2610c,Edward Ortiz
78207615-31b0-4793-b21f-b279a8f8bcd0,Katherine Griffin
5d7a062b-4eff-4f31-9115-e97040e54782,Ronnie Knight
7fb7bc92-a5b6-4792-9d6c-54d3df458305,Jessica Bauer
499c71ec-6db1-44ce-9893-1ed0dcd1bfee,Chase Garcia
2bf68d5d-88b2-4ccc-a45b-483d6d3789df,Beverly Parker
641f5750-89b9-4791-bba7-2cf2b837792a,Lawrence Clark
6e0d26f4-3ecf-4d03-b485-f2c0ceae939f,Matthew Zuniga
fe647b11-363e-4fef-bbaf-a38db97aa4b6,Christy Acosta
32c86516-2ca9-44ee-833d-b3602d0f335f,Leah Estrada
15f6bbb5-e653-4516-bf59-94cff22808ee,William Parker
c67ffcbe-b26f-4178-8cee-2b69453f6af7,Jennifer Manning
9bdb0930-ab94-445c-a3c4-d38dfb640db1,Jennifer Garcia
86e65886-f79d-46d1-98bd-0b6f85fb59cc,Sarah Thomas
b73fb216-939e-4cfb-a301-e44de152ad2f,Donna Garcia
0ca32916-3bcf-48e8-8274-787cc211557f,Mary Harrington
782fc946-efe4-44e3-8d61-8365e2fe09f2,Victor Hall
8e6cd827-c88c-48c2-b4f2-122c2200903e,Jeremiah Sandoval
542555c2-5cc0-48d0-9fde-4056b7bd5d38,Jodi Mitchell
6775992c-31cd-44be-a64c-c985b5dcec68,John Kelly
ba61c40b-43e6-4f3f-9615-0a9f4ee9af75,Stephen Solis
43e325cf-3c3b-415b-963c-56f976d52c41,Kristina Snow
4ca9b936-933a-45bb-86ae-5f39458b8736,Derek Cox
638c1e69-ca67-4736-ab3c-6b84f0d435e3,Vanessa Gilmore
43934c48-d864-4e9f-ac98-96feb56cad22,Dana Ballard
806b63f1-ead2-4777-953b-8154d0b2dcfc,Daniel Gibson
78fa55e1-ceef-4274-bfc8-8ca6ed6d7ab0,Melissa Vasquez
a37bf148-7dd6-4b63-93ed-b5705af6c22c,Miranda Myers
3af0d68a-1baa-49db-89e9-3e79ff81edfe,Andrew Foster
91e7d95c-8253-4e15-ad5e-e3e40cabe177,Monica Warren
77c9de6c-5317-4673-8c5b-5a9b203ee166,Roger Carroll
fb8e7485-7223-4814-bb11-08b1195b9f93,Debbie Lopez
5cf69251-c44e-47f6-88e5-56f7701ff37b,Karen Bennett
e24dc3c5-bc09-4351-b816-7cb585f48fa8,Timothy Long
5ca82052-f714-4e05-9703-154b65ea91fe,Alexis Gutierrez
3e3de2e6-1d00-4bd5-b29c-c44b63678ed2,Autumn Lee
cc70ed9e-4d78-4c82-8bfb-532601205e21,Casey Howard
341f6618-8dcb-4534-b5da-568eef665963,Chad Jackson
87b64878-91c3-4f23-9c6d-b9e3e4395c54,Margaret Roberts
03ee6833-91c3-4258-ac1c-b2f384aaed6f,Monica Bender
23a5839b-f6fd-4cd1-be37-743b81970794,Michele Mayer
601bb48d-2051-44a4-a4d0-16179c4bb87d,Miss Carol Garcia DDS
bed0d02c-4a6b-4dec-b4ab-99818cf40f13,Diane Haney
4cb348f8-9cbf-4dd5-8178-23de943c9844,Robert Williams
0f0b1a4e-778a-452d-97c7-4ed4863a2255,Benjamin Salinas
bc061798-93f5-4ee1-9fca-94125ded13ad,Kelly Johnson
eee583a3-6421-434d-9bca-46151bb972ae,Janet Jefferson
4fccb909-49fd-4a69-8e35-545c71760a9f,Michael Hensley
b7169021-151a-427b-aa21-f67fe3aadab9,Jessica Cole
b9b71577-0572-4d54-bcb4-78a54ec0a7cd,Tony Murphy
1b3c64d2-b56b-49bf-9f7c-aba54c5996ce,Brandon King DDS
2ac8ee7e-3929-411f-868c-47f7b9c94946,Amber Coleman
6261804c-71fe-408f-847f-c7ca2734a3e4,Ryan Jones
5c038689-8e88-4081-9e5c-4299304305fb,Lawrence Ochoa
14e1f306-1138-4bd8-a366-59d2ea54fd8f,Francisco Meyer
b38a6361-10b6-416d-a61a-7a91a248f47a,James Anderson
f3feba64-24c9-4eec-a593-c3ff0562d9a8,William Rodriguez
dbd43560-5fb4-4f08-b7e5-91b900250060,Troy Hayden
19436755-d775-4922-9f6f-c89db860fb29,Jose Cook
7cec0be5-a1f7-46ac-a8d6-9adba23fd417,Jacob Ingram
db828958-1244-4125-93bd-8a58cc17590a,Kelli Williams
cf53a98f-1109-4b13-ae6a-cae81e19bcbf,Andrew Hicks
1002f238-d878-4c92-9c19-fa664008eee5,Nicholas Cohen
0bb1118c-9cb3-4e06-8531-0db3af06ea73,Linda Thompson
83da97de-bab6-4757-9adb-ca30e1b8c649,James Mitchell
c58269ae-968f-4b0b-9fa1-7ca3986d6c43,Matthew Morgan
3d54bb5f-fe3d-408c-b94c-b1d437782e8e,Sandra Gordon
83c57aba-99fc-431a-9864-bbeaa7b2fdbe,Tyler Henderson
b3080f6f-3c62-46d2-87e4-6703c43c05ee,Andrew George
7b0a9e56-f5ec-42f1-8df7-3339434b3be8,Jordan Atkins
044d8e39-c522-4e18-aa69-1cb4c0b40991,Corey Rasmussen
a0598f24-8503-4ad3-bc5a-352fd8d70d73,Sabrina Brown
b5257dbe-2374-405c-9190-d3056ef13f23,Kristen Jacobs
64ec8598-4ac8-4a2d-8a1f-d1fc012ed4c3,Matthew Thomas
65bef459-a7cd-408d-a09c-ba6f8010d753,Brendan Atkins
276486a4-4497-4423-8715-fdf96b819a81,Megan Johnston
26aaf7b3-d3bc-4fc5-9beb-fc43331e7d01,Sarah Edwards
b57597b7-d688-4e6b-8520-c019b203ef39,Lawrence Mclaughlin
b51bdc63-f2df-4489-a24d-cb3f2e61b08e,Mary Smith
fa951cb1-1304-42fc-bf8f-465885350707,Katherine Martinez
a27936c8-1976-4711-b929-ea1cd2ebd5ae,Madison Mann DVM
e56efe07-c1e3-45e5-a7ad-34a2d623e212,Sabrina Black
5bdca035-85cd-450f-b540-6ca919e3bea4,Natasha Johnson
5c9bfd05-e747-47ea-a627-e07a9eed3e78,Jacob Richards
431c738f-7b7a-424e-905a-dab62ccbbe1d,Max Alvarez
c1222015-70d5-4bfd-a4f7-c9fef0ac622a,Jermaine Young
44a8cb6f-e01a-44f4-9a6c-2682af5b0bc0,Nancy Rodriguez
84a5dabc-40a9-4b9d-8302-25efc4d9ff4a,Julie Wyatt
fe0db6b9-7aa8-4344-b25c-8b1b9776571c,Amanda Harper
d01fb053-2fa8-432b-a32a-2f504df9f0b2,Steven Williams
03e17a84-dd96-48bd-ac11-dff3cc4c1204,Carlos Bass Jr.
fd8400b1-d56d-4af3-a572-2fedd8beb782,Connor Jones
84573a31-af91-42bd-baaa-306f950fa922,Brittany Morales
e915d429-35e9-45cd-85f4-4e8edab5683a,Gloria Huynh
5417c9b4-c566-492d-90b5-18d4477f0cc5,David Curtis
c847544b-5a55-4f7b-946b-a35c8ffaf402,Christopher Hall
e25c6ce6-f21d-42b1-b4f5-123fff25c47b,Karen Howell
27952838-a9f8-4b9c-8441-80a936c5e632,Mary Wright
0ff22fe9-3bf3-417a-bfb2-ddcf547c9889,Mrs. Karen Martin
5c51b234-4eeb-4ba0-bd55-c5a6a4e25d58,Casey Miller
13613f06-caae-48f4-95f9-815518945e60,Jerry Kelly
94835119-fb83-43e9-bb27-7b6e871983cb,Natasha Montoya
498b665b-c2c1-4198-a776-8441dd002ea7,Barbara Smith
7244858a-ac2c-4f24-87b8-1fb042df0dd1,Jeffrey White
522073c1-38ac-4d8f-8646-cd118f32b779,Christopher Hamilton
ff46282b-6426-422b-b5ec-f2d9137a366a,Cody Perez
b5a54952-c0e2-40a3-9273-1d4ee0c95c78,Abigail Lindsey
2c2860f0-760d-4b46-be0e-419ae3fb08c1,Lee Miller
83ae2431-4ec8-4442-91e5-1970764e8a44,Randall Reed
bf8adfb9-22fa-4635-9b28-6aa3d65c82dc,Brittany Hernandez
b9075f8a-e5b9-48dc-851a-dfc8b51154ef,Tracy Powell
3e68bf10-20d5-49a8-84a8-b88dbde7d077,Elizabeth Blanchard
e983dcca-4a15-4ea2-8b53-eee19f5516b5,Robert Black
3b945735-57dc-4272-8a15-49a518710428,Sharon Johnson
ca0453bb-b229-4c04-9b36-57f86ed642ec,Benjamin Adkins
0ca62422-7279-4222-972e-885d8929c6d2,Alison White
d7f34245-0a8d-45b9-9c07-e428f6a7605e,Eddie Brown
56a2efd8-f589-40df-9e35-a2b3c0c82099,Jill Barrett
ea5272ae-85bb-4214-860c-6506c1e29c37,Steven Williams
506692cb-b11e-4e07-b22d-1f214d3eeb66,Ronnie Hammond
260dded3-5f41-4e73-86c5-e3a6aa7cabde,Ashley Sullivan
6a6b62c4-afd3-41fe-a655-462d820cd16c,Christopher Cain
9339600a-4dcd-4b18-974b-641657b86bc9,Walter Saunders
36d4b8a1-c0ab-483a-8ac0-787855592a9b,Dr. Bryan Flores
ea96a786-c359-4579-8975-716c2f75610c,John Phillips
62fdba18-6bb2-452c-ba21-bb153c5742ca,Kimberly Butler
809784e4-4f89-4bdd-89be-83ed39ddedd0,Katherine Berger
35b210d2-8dd7-46d3-90cb-019b76861683,Maria Nelson
e524fc11-8987-41ab-ad0e-db9fcfa9556e,Emily Perry
7c337c5a-4ac1-441c-a645-20b0f88ea016,Robert Everett
6208a4eb-dc81-4cbf-bbce-09fe4b168eb0,Patricia Williamson
fc7b642f-c620-4ab4-b09b-293d88ae65ca,Sara Dominguez
70254be6-f252-46b7-aa05-adf921c12a39,Ryan Cain
87e5cbe8-e829-4422-89be-088a77a2ef99,Peter Green
40ef1d82-ec36-436d-bea7-f40c3b636fa1,Maria Shea
03193f7b-ec43-4baf-8fb3-7edbf40576e5,Patrick Holloway
d044e5b2-f952-45ff-9ac9-cbf92e533437,Christopher Brown
7a8d680c-6044-47c8-bea0-a237a4e9d567,Samantha Kemp
5b9fb1f8-f57f-49a5-9063-83a5ab6e565d,Luis White
faee1567-d3df-4aa4-91de-7960e393d64c,Laurie Ortega
b524c74c-6c02-4bc7-b440-970bccdd545a,Carmen Arnold
4b8d6913-cb3d-4d62-a63a-e1126fc5c994,Michael Murray
a7370383-8aaf-4edd-a3ba-a98728da40f7,Danielle Lewis
d65635a7-ec6e-43aa-afa7-268750268ae3,James Lopez
c71e9478-ab81-492d-8445-0b292c27c8ba,Caroline Lucas
d65e8d26-8c6c-4fcf-b211-7304dd9b9ae1,Ashley Washington MD
1e740b79-5389-426b-90b8-b8c65830d26e,Todd Bautista
3c8da8a1-6644-4d15-9695-9183bf1407c2,Corey Mueller
9907189e-d6c4-4211-8168-1035e4a2eb12,Sandra Farrell
85cda948-6e55-4df4-9579-596e1f7db9d2,Brittany Rodriguez
75ef105a-b7e3-4e1c-b891-58e560f13e10,Robert Marquez
b76caa77-1033-4040-9267-e026d68febba,Tyler Hicks
604673d8-6dad-4a60-87e8-62c6ce276821,Kimberly Mccann
76b90005-273e-4718-8d24-4390c37ac7b1,Erin Garcia
d2b10310-656d-4c9a-af2c-0feab5a91e22,Steven Reyes
3f0c2d72-86e9-4218-a713-9d8c3df6f36b,David Perry
713bed5a-e4aa-4e90-a6ec-5acd70c7e9b9,Brandon Fisher
f26a36bd-cbdf-40c7-b673-e59d2e984d9a,Larry Ward
ab1c65fb-d60f-4770-967a-695ed33ce80a,Sergio Johnson
75bd767e-2524-4d4a-982c-d5cb9e19d248,Andrea Rice
6b76c5a9-57b4-4215-a3a9-f909794b46d1,Jennifer Porter
5deefd70-b75f-4728-85f9-7595419ee694,Nicole Perez
b16fadce-bf5b-4d25-85d3-a0da2ad8109e,Jessica Hernandez
2b71b497-c034-47eb-a08b-cf934818ec1f,Joshua Harris
5eed6ef7-5ac0-4f32-81e1-47abb03c9c8a,Rhonda Watkins
aedff2ac-f326-4036-8539-a3c20933ddd0,Eric Adams
69bfb29e-364d-4141-9ab1-143f2e148202,Jeffrey Durham
0ece6e98-507f-4b49-b794-8c46746a4935,Stephanie Navarro
bfe5e46f-7be0-41ea-a92e-d48ef0e015be,Adam Roberts
fd09ebac-c37a-4743-a38c-df8d5d121bac,Megan Faulkner
77e8d058-9d19-4ff1-9a4a-3b72ed441b5d,Jonathan Bright
f28d374d-479b-4ef6-80af-d26a6b9ed794,Holly Walker
e2323b51-7c7d-4ffb-b015-1947179b8079,Tracey Giles
e9786c8c-2daa-4e21-96d1-4554885e2fe7,Kyle Carroll
8e9f8165-4559-40ac-805e-1d367918d409,Erik Mason
b50de2e6-8474-418d-a1f6-e75e044317fc,Christine Wilkerson
abd81b7f-0cc7-47a8-bf2d-f86ebfe0e7f1,Natalie Hatfield
ef8ef8b4-ebfe-4fef-b9fe-0290411f4232,Mary Owens
5072edf0-2d63-400f-be55-018f4e07a072,Tammy Green
50d0f080-1bca-447a-acff-d0eafb6fc576,Chad Willis
79bad03c-b39f-42f6-a623-25f983697e0d,James Jones
442d749c-354e-4308-9ebc-d36b820ac328,Derek Brown
d501b7af-e803-460f-9550-2e89d1ce3ce3,Hector Campbell
3525bdc0-2c08-4618-99cf-3175d9773c65,Richard Holloway
7c11cf26-321d-467e-beda-c4b18166b3de,Dawn Cunningham
53bf73d5-e0e4-47ae-9bba-d999ef2554a3,Timothy Bowers
02654e38-4ead-41a5-b742-85046713091e,Tiffany Logan
e49a3904-c192-40da-8eb5-932477cb6457,John Henderson
4d355885-6f52-41f4-8be3-9f8496555bd5,Jamie Hughes
3c232528-515c-4146-b521-dca3460aa4e2,Manuel Hess
b6560332-d36b-4207-89d8-b94462b8447f,Melissa Webb
70ea70ed-f980-4dc6-bf58-2258fc107751,Derek Lang
91abfc45-8420-490d-a7c9-a0ff88fa61d1,Brandy Dennis
c6953eea-3c2a-490b-8a70-04286efe4dd5,Susan Stephens
88f755e9-79f2-45f4-a049-3db8bd022e2e,Natasha Johnston
a5af8013-4477-45a9-9821-936972e7f4e6,Maria Fields
5280984e-31e7-4e75-b8db-06c24127ed47,Michael Rodriguez
758f663e-be58-41fd-95e7-85ca324571a3,Bruce Henderson
1a2509df-741b-4421-9cc6-42f6d7c32077,Lisa Aguirre
81ca50c5-5c64-4b0b-8c55-b11378fe6938,Jennifer King
5da8e144-84b7-4021-840b-9673b7e6f188,John Mcgee
6199f288-bec8-42e6-ac0d-a33d4b8c1d6c,Douglas Vasquez
48050eb1-ae4b-42c1-8bfa-8e6e3a813584,Jesus Padilla
bfb485e3-3d0d-4774-a27e-b8c6df52ffa2,Christopher Schwartz
60c9adcc-1cb5-44b1-81ec-804e33d8afad,Thomas Watkins
143b1899-12af-4b77-a920-87484aab674f,Trevor Bell DDS
7a3a5a8a-f36b-4997-a0a9-6d6b18d437ba,Ashley Santiago
a24aba6b-a099-4470-99a9-a90e0084ebef,David Foster
eb897e27-c122-4d2e-b684-5c269abd735d,Stacey Miller
129b5abe-432a-44bd-ba20-bb88179552ca,Alexander Johnson
0746e71c-4c57-40e7-89ce-4d67b2e2dc63,Jason Chung
b11d0ccf-befc-4a2c-92b4-6a7f437b8c20,Julia Baker
f260448f-22ca-4014-8c99-7659955fb87a,Kimberly Oliver
2cc16e29-dbbc-432d-a79f-ca9f67603d2d,Kimberly Nunez
a81acc52-e094-4599-9c23-8fe5397406c1,Paul Grant
0513b3a9-516c-4a69-bcb8-af329ddc9acf,Brian Estrada
63e4daa9-bc74-4cf3-947f-59972f00e95e,Caitlyn Hill
be76a278-655e-4a43-a868-a49d2c5dc911,Amy Roberts
a11bc3fc-4504-46c8-920e-07dda8c1587c,Stacey Ferguson
368692e2-122a-49fe-b062-72cf891df399,Michael Macdonald
b49dd7ce-8a50-4358-b24a-4dcdce01c233,Joel Young
6c763b51-6aa9-4854-9486-35bb4c119132,Thomas Martin
13f60344-30cb-471f-b364-7d1e5dd5a9b5,Benjamin Brooks
db4b2ceb-fa58-4351-9da8-ebc81050f925,Stephanie Brown
7b5e8277-18ab-4f4e-ab66-83e10b143c18,Judith Swanson
0e8c5134-cb00-4a22-8c2f-3d825842ccb3,Brett Santiago
a7f48d62-cba1-4cf3-8b6c-354fedefe238,John Yates
967f8330-4a24-43b4-b911-653a3c419cc0,Emily Bennett
02958b62-b554-4780-9a78-a80f3079671a,Michael Bryant
05dfea08-2007-4d86-b68e-7329c6daa005,Janice Bond
da23db98-038a-4506-9306-858d594bd9cd,Natalie Hatfield
190be506-b221-4a0f-bf5c-a09763db4195,Gregory Rodgers
b89a20b6-a66c-4724-8b0c-c048525e1ce6,Nicole Smith
966b45f3-2c12-4dd5-8f05-bba55b123a36,Jason Rodriguez
dd5b40fa-8bfe-4987-b55d-2648265b60d4,Mindy Wagner
d463c6f0-1457-4b81-a571-092ea2fd2c94,Victor Ramos
1dce6ae1-6653-42ba-89f6-9a90f365252f,Roy Torres
c75315de-7ba4-49b6-be22-1a5b70f1c069,Joseph Smith
224930e6-1dae-4bb6-9aac-8cc5b2495edb,John Farley
ca0c9481-d866-4fac-99d7-46c06c38246f,Kevin Evans
28fe7be3-0a6a-49cd-a8bd-bb5b1bd18a19,Elizabeth Chapman
2ce835a4-9b3e-496f-8307-012518005490,Shane Barber
6cf694ad-de55-46db-b4c1-2a1185b68322,David Barton
e3febf36-1de9-48e1-b60a-47dcd5d39936,Mary Ellis
ea756e96-cad9-44d4-9202-f798786c60d0,Victor Reese
0e0713bb-bfba-4536-b333-fd16159aef89,Melissa Wolfe
b19a9412-f13d-4bc9-af3a-2fd9cb8c5679,Kimberly Jackson
a011393f-d5ac-4454-9bf3-7de0d6447b6a,Stephanie Carter
33e1ed85-636b-425f-bf8c-f66d47aacb2e,Rhonda Small
0423de17-781d-4727-827f-d55913d2c498,David English
197e5af7-5fc8-4695-a622-7efc97bb3922,Carol Christensen
33cc576c-0ee4-4559-b802-d6e3f965bbec,Jacob Mccarthy
7327c183-f815-4f7e-b914-5ca6d18cd30c,Candice Adams
720f1114-dcef-4f0f-9dd9-66d8c40aa6e8,Victoria Terrell
4239502e-8bda-453f-898a-465be7ba621e,Dillon Coleman
caf755c7-d3e3-48d5-9077-e45a9097adc1,Troy Lynn
252f3136-0de4-4899-a15e-78abe655c0cb,Sarah Franklin
4d68c854-d15c-4e78-be4f-4d35dda68573,Henry Zamora
19549150-b13d-40e4-9885-beaa05035cfc,Christopher Cannon
4211ec4f-1bb6-438e-9764-41293b7921a5,Carrie Mueller
4a3b4375-fec3-4e16-9ea5-42f6d888acc7,Jeremy Shannon
8647a3e5-6e79-4942-b4d4-b1ae2beee0f4,Amanda Bates
361bf369-929f-4d03-9021-f29d4de2e0f5,Lori Hall
463114ec-cee3-4f27-812f-e59615969265,Vanessa Hernandez
e391c08e-0e39-4226-be6f-cf067a307e5e,Bethany Baker
e2b3819f-9b72-47da-96b7-43a6bfabc5b8,Stephen Young
9816c33c-b620-4f0c-9958-d41b3f14f083,Dave Murphy
01f548ab-ffb2-4d20-acc2-d687f35ada1b,Nicole Russell
ddf54fb3-3287-403d-9800-68b607bce609,Emily Butler
5fd4a820-0889-484d-a67d-135821205808,David Black
653be60d-dd99-49d6-9b60-2fc9974c2265,Melissa Brown
14997201-7c54-4b98-8ba3-74834b3ec792,Natalie Johnson
209997a1-2a49-4af2-a226-0a4e4c17c7f3,Ashley Le
dedf2a70-30af-4ae7-80e8-c55047f81fc9,Patricia Joyce
cb4eb833-e67a-4e5c-af68-35024bcd2def,Michael Steele
2f4a97b4-78df-4a5f-81f9-c42ba9ecdf5f,Mrs. Ana Garrett
7fb7b03e-13f5-4075-ab16-4aa083e577f6,Mr. Nicholas Smith
5d5b8733-72fd-4f81-9e00-bf68a5186dc9,Robert Riley
2cb455ec-dd9d-4d05-9dd1-b256edb978ff,Colleen Johnson
d6897f11-6f1d-4a8a-8e58-376ac75d1373,Gina Bradshaw
f0fbfad4-c5e9-45cd-a3f5-9e9abfac75ad,Mr. William Baker
56b6882d-30eb-4ca5-877f-6d9240fe7655,William Joyce
7aeaf30a-d71b-427a-85dc-369d162b7689,Jasmine Knight
6cd3b6ae-2657-4f50-ad65-669f77904cfc,Matthew Harper
72b70b05-6568-4fd1-868c-d0e9b4575ab9,Daniel Smith
b3b0c8e5-da8e-4c90-81aa-f97e20b73794,Tara Osborne
07b6dfb0-580c-4267-8242-831089590aa9,Dana Moore
6623f6ac-76fd-45a2-bd65-0b066d327fa3,Jordan Allen
b745c7fe-5241-42da-ab22-5dc7798da963,Larry French
adcde5b0-1347-48da-8b2e-7d08ec6e97d7,Linda Johnson
a3ff35f8-5e82-4d66-bfe2-d8170b608931,Jacqueline Cuevas
404aa093-a588-45c8-9f2f-c791106d063d,Allen Nolan
e6f991d3-dff7-4b01-8648-97aa68d844b9,Sue Bailey
2f7065ed-8e42-422f-b414-7dfc66986b78,Michelle Roberts
0ee2794f-8389-486a-9a5b-dc4ba80434bd,Ashley Lam
bbdd551a-f234-44e8-bfcd-b3bc3dcc772c,Katherine Martinez
22d29354-1c72-4662-81ba-789bf34c40f8,Michael Khan
73fa2fc0-534a-49b4-9aae-4cb82d1c5fa6,Brandi Douglas
527f2ba8-9902-4335-a1ab-91a6147acfe3,Hannah Ross
b7debace-b4ea-4032-950b-547d77230525,Kathryn Day
b4892480-a2f0-484b-90df-a5286ea81b41,Charles Hernandez
1d787e2a-7aa3-404b-b769-0275588b338d,Jessica Best
6dfa6638-a09d-4bf7-8c19-6dce7f70f0b6,Mitchell Thomas
34f18137-e7d3-4d39-907d-d558b1b51d95,Stephanie Love
0803b0a0-3ad8-4abc-9f47-e389ca02881c,Jessica Duke
63f06045-7eeb-4fc6-b95c-4881981f9a93,Connor Watson
e75d7016-327d-4a26-96cf-2f0affef8707,Michael Lyons
4498a6e0-9dca-492e-81b4-58e525d561ee,Joseph Pope
26ace27e-4e8c-46db-a8b4-b18211f29943,Amber Franklin
b95e8389-edb7-45a8-af97-d717eef6f71b,Michael Martin
1af7e78c-3a03-4204-a920-45d749dfb36b,Daniel Monroe
